200,195,205,50
nan,16.240267496374653,16.306294757479797,16.306294757479797,16.256734105681335,16.26707820647253,16.255784496533618,16.255784496533618,16.21064341666755,16.335138016409083,16.335138016409083,16.270231445995158,16.263439573233143,16.26897563037268,16.26897563037268,16.277056724961675,16.268863933370387,16.268863933370387,16.25973738447563,16.23521042231894,16.23521042231894,16.23864341480554,16.25959774655153,16.25959774655153,16.298940201921923,16.247361714252747,16.247361714252747,16.214171349949062,16.216638632539897,16.216638632539897,16.2936208864029,16.283895687943595,16.283895687943595,16.253400533087717,16.24131651425621,16.24131651425621,16.27994315197506,16.238792432888587,16.238792432888587,16.268155098014798,16.22163789977855,16.22163789977855,16.27327089296629,16.24716341677494,16.24716341677494,16.270073660896543,16.270073660896543,16.260854760846634,16.27852321443538,16.27852321443538,16.275806153575548,16.229775387216357,16.18588022483509,16.24047370810415,16.24047370810415,16.253172216587004,16.24539666846773,16.24539666846773,16.24653535191506,16.277898042069708,16.277898042069708,16.247472625189115,16.28323787661335,16.317607466676577,16.317607466676577,16.301533438992465,16.298390436669997,16.298390436669997,16.250137466366805,16.215509919434353,16.215509919434353,16.242845256680354,16.218421195329185,16.218421195329185,16.246930771700395,16.284681207463798,16.2423038730702,16.2423038730702,16.24519153842095,16.279519777721454,16.279519777721454,16.272318381654756,16.236716249627428,16.236716249627428,16.250145285895815,16.252307747497664,16.246175258326087,16.246175258326087,16.248744750696503,16.248744750696503,16.27564196738898,16.254538382840423,16.254538382840423,16.307117456898396,16.203622307110543,16.203622307110543,16.28173932386141,16.265966364332385,16.265966364332385,16.285507307393125,16.283116134722874,16.283116134722874,16.227907666955637,16.23766736760998,16.23766736760998,16.266489480062415,16.22251811908798,16.293032808614008,16.232502466580897,16.232502466580897,16.251992629604086,16.277633419003994,16.25765493195037,16.27753255745606,16.235543161020036,16.23075260930645,16.248670028540367,16.248670028540367,16.28131986566291,16.273084428281695,16.273084428281695,16.26351482976499,16.26351482976499,16.217394691329567,16.274067280440907,16.26081982320268,16.26081982320268,16.25770875072758,16.239367779700615,16.239367779700615,16.279143882073207,16.27627461347826,16.27627461347826,16.247658518064302,16.245353239259998,16.245353239259998,16.250972364118642,16.19690678997829,16.24029143366887,16.24029143366887,16.266165916378206,16.247724221966642,16.247724221966642,16.23766787975765,16.27387504357221,16.27387504357221,16.25326841222331,16.261512756493197,16.261512756493197,16.26448930056308,16.292664739352595,16.292664739352595,16.246457756717692,16.235646698194877,16.235646698194877,16.223711625890623,16.223711625890623,16.23537871557637,16.216598374127553,16.216598374127553
nan,16.258635171000083,16.282597370375477,16.282597370375477,16.260130266491114,16.2875492105615,16.274959919102802,16.274959919102802,16.25195391466526,16.29234024460917,16.29234024460917,16.262916280604195,16.267192903520716,16.260654032770677,16.260654032770677,16.302535326105048,16.281016882834717,16.281016882834717,16.232747551196187,16.29833796109269,16.29833796109269,16.296685460066826,16.294214307543562,16.294214307543562,16.26663902959177,16.26417599368378,16.26417599368378,16.259158036795696,16.255816173135315,16.255816173135315,16.300584264700092,16.270570476485215,16.270570476485215,16.25591952129954,16.254429131681995,16.254429131681995,16.252960160132286,16.302875271157408,16.302875271157408,16.29298521145728,16.25373170410932,16.25373170410932,16.256587983531055,16.28710903871188,16.28710903871188,16.27773418838342,16.27773418838342,16.308995408610862,16.258768801088618,16.258768801088618,16.263617450916968,16.236246646014898,16.315825460257287,16.23832123949525,16.23832123949525,16.27549481980268,16.28188712922406,16.28188712922406,16.279625160252866,16.233967745938664,16.233967745938664,16.277454731220466,16.248207462184165,16.256667498841388,16.256667498841388,16.27922136944164,16.250827900342415,16.250827900342415,16.218967377573325,16.268576525478313,16.268576525478313,16.286489851037796,16.25267612625115,16.25267612625115,16.331613537090558,16.311638377222145,16.239796362976367,16.239796362976367,16.252522034880247,16.292128172995252,16.292128172995252,16.219552680521915,16.274332018698537,16.274332018698537,16.31576484061602,16.282078872064908,16.276393084364834,16.276393084364834,16.303198714534087,16.303198714534087,16.26080662893513,16.285883676194832,16.285883676194832,16.282817886344038,16.264324304444205,16.264324304444205,16.280178999751417,16.260553688364023,16.260553688364023,16.26599177566295,16.283420401534826,16.283420401534826,16.228996943951778,16.26626441239079,16.26626441239079,16.26061563375209,16.266498510222792,16.2500668002681,16.27412178905619,16.27412178905619,16.25835875012964,16.25621482052124,16.271322476834136,16.259247801111062,16.286510004842807,16.228553741692366,16.26970630894746,16.26970630894746,16.27919661919207,16.259880392851453,16.259880392851453,16.283201876452562,16.283201876452562,16.284717643324214,16.26481569979804,16.247755662099483,16.247755662099483,16.234569720163577,16.311907530551768,16.311907530551768,16.278944291712133,16.27813764861611,16.27813764861611,16.272052987321878,16.27305149816952,16.27305149816952,16.23232042486042,16.29304922713525,16.24946152263223,16.24946152263223,16.28764747404924,16.30115570247557,16.30115570247557,16.26745478209077,16.29079821681113,16.29079821681113,16.234048586541075,16.31649545593967,16.31649545593967,16.25455719653494,16.268249327522078,16.268249327522078,16.273981110942362,16.274470474013512,16.274470474013512,16.253324851770685,16.253324851770685,16.24997631496749,16.255570905741013,16.255570905741013
nan,16.208068856355258,16.17818500551159,16.17818500551159,16.208377686863372,16.221968344137142,16.18262298132242,16.18262298132242,16.231990671662523,16.162327964091308,16.162327964091308,16.22739387218448,16.216625968057997,16.182315177851947,16.182315177851947,16.185330008579474,16.20383731880892,16.20383731880892,16.18882504391923,16.227961686185107,16.227961686185107,16.199866082518252,16.24059373222213,16.24059373222213,16.172654637439376,16.225279485598648,16.225279485598648,16.1852906867581,16.218846928669105,16.218846928669105,16.171022752916567,16.175036780514304,16.175036780514304,16.180533815898507,16.198460968556414,16.198460968556414,16.18232334915397,16.17895807438328,16.17895807438328,16.157470783943644,16.151789871930283,16.151789871930283,16.21988861296209,16.19374347583363,16.19374347583363,16.20015712096572,16.20015712096572,16.232791070692677,16.183696680805472,16.183696680805472,16.18752929266484,16.12670078739988,16.214611150203517,16.165334986224767,16.165334986224767,16.20962131662925,16.21192344749435,16.21192344749435,16.191720103951468,16.253961523569906,16.253961523569906,16.193532347629976,16.22280673194418,16.207756505480482,16.207756505480482,16.16489776372006,16.23231689196396,16.23231689196396,16.171504138974598,16.193251065185244,16.193251065185244,16.197816507767758,16.24500973894739,16.24500973894739,16.222416786949243,16.192184750448632,16.09912280145651,16.09912280145651,16.22169712508368,16.224213018825033,16.224213018825033,16.182522163347983,16.23015296102116,16.23015296102116,16.20120685788738,16.201366345314582,16.231157685440866,16.231157685440866,16.23059214978621,16.23059214978621,16.21952876353635,16.231358702791006,16.231358702791006,16.22160591018747,16.202047938065796,16.202047938065796,16.235909801894806,16.20347479975364,16.20347479975364,16.164229205726453,16.288896134274268,16.288896134274268,16.264333571240698,16.178410081630705,16.178410081630705,16.2334651760251,16.164840185782676,16.231615762948195,16.196369216232625,16.196369216232625,16.221961799088625,16.18523655309617,16.19717640212925,16.232179381186477,16.188070328866363,16.20711467933185,16.162408863396056,16.162408863396056,16.1671945712495,16.195069140733295,16.195069140733295,16.19265280794089,16.19265280794089,16.240655590190876,16.2296469095736,16.198136792708883,16.198136792708883,16.228064017262266,16.22133298229134,16.22133298229134,16.221187007698596,16.166104782643437,16.166104782643437,16.178618735574332,16.22158832008247,16.22158832008247,16.230271190214932,16.2003120910721,16.197820277301144,16.197820277301144,16.19075584227356,16.19164875793514,16.19164875793514,16.166134092984844,16.155724538341097,16.155724538341097,16.23237374669358,16.2409048440751,16.2409048440751,16.13345665308334,16.205305921319727,16.205305921319727,16.211766807981697,16.15309018411442,16.15309018411442,16.253892321997384,16.253892321997384,16.180039139418493,16.21824014383503,16.21824014383503
nan,16.147991992546046,16.100100047400154,16.100100047400154,16.17511841113524,16.178996954378587,16.17467997396478,16.17467997396478,16.161177787982716,16.199583214371465,16.199583214371465,16.118674196346753,16.185440666370525,16.136620614697883,16.136620614697883,16.149510341033526,16.134687735585977,16.134687735585977,16.196493709804574,16.138126275542984,16.138126275542984,16.165799556194422,16.15151810617869,16.15151810617869,16.12460447749109,16.173548896543366,16.173548896543366,16.179670329082168,16.13353975849078,16.13353975849078,16.12446352121389,16.14638796324742,16.14638796324742,16.088880365096337,16.144124712279712,16.144124712279712,16.147444562284917,16.135170493175988,16.135170493175988,16.131714972296148,16.190993579247635,16.190993579247635,16.149828320892105,16.120713842568705,16.120713842568705,16.162803716727506,16.162803716727506,16.106950426471254,16.159209032339053,16.159209032339053,16.065052777172113,16.088521191504658,16.169597204693883,16.156808927389932,16.156808927389932,16.11716046889397,16.15265341533991,16.15265341533991,16.228737624317986,16.154158380405818,16.154158380405818,16.21165012600022,16.117236492711797,16.13576569464825,16.13576569464825,16.152157395400383,16.101470508248916,16.101470508248916,16.196723430357792,16.16871573425858,16.16871573425858,16.142061547762683,16.15530575612402,16.15530575612402,16.118115816135262,16.16217868777163,16.169656303837492,16.169656303837492,16.16915267794453,16.124939846458645,16.124939846458645,16.123696305478898,16.16828070983913,16.16828070983913,16.159082018009606,16.172301217708707,16.148806683546034,16.148806683546034,16.127194561226776,16.127194561226776,16.185323938204498,16.18674844920675,16.18674844920675,16.181189976137116,16.13684411820242,16.13684411820242,16.157637711462904,16.159950750302414,16.159950750302414,16.205687800237214,16.1168516228149,16.1168516228149,16.137111633910667,16.092877060493713,16.092877060493713,16.127773722202438,16.15776807577459,16.124002611606127,16.102514891202222,16.102514891202222,16.165617400929374,16.134213246846453,16.07544673659762,16.124834568025992,16.213353989619993,16.13669305699627,16.102518058254773,16.102518058254773,16.155645861590543,16.129225747038745,16.129225747038745,16.127228367286936,16.127228367286936,16.15761540306012,16.170552235009957,16.192087682806537,16.192087682806537,16.0886111630272,16.13452172131374,16.13452172131374,16.093061035202606,16.205935598234653,16.205935598234653,16.07683577303116,16.09249193440074,16.09249193440074,16.140204812166758,16.14578789262284,16.088077347526895,16.088077347526895,16.127915335398228,16.18074138591101,16.18074138591101,16.103206376148695,16.168592254426134,16.168592254426134,16.144304296779268,16.16070310396936,16.16070310396936,16.159310785965474,16.172556574852408,16.172556574852408,16.155381571295692,16.151994152477023,16.151994152477023,16.08310235159681,16.08310235159681,16.146916417609912,16.197255277453458,16.197255277453458
16.228742572425304,16.237794646020742,16.27724769090688,16.22874084483108,16.22874084483108,16.28067969914008,16.27065210071875,16.27065210071875,16.308387776205148,16.226365908339965,16.226365908339965,16.284245543274857,16.2599552402498,16.229196768647576,16.229196768647576,16.232315546424086,16.23237757558502,16.23237757558502,16.234642143093968,16.194369550398665,16.194369550398665,16.239855017476213,16.251082590968867,16.251082590968867,16.26733558051453,16.2773554084394,16.236294678305107,16.236294678305107,16.25564290163515,16.269041341257704,16.23227527650327,16.304322463023613,16.304322463023613,16.235116771156633,16.268704298655962,16.268704298655962,16.249604632191517,16.249604632191517,16.287816545269862,16.268371013336,16.268371013336,16.274374528127954,16.290162458659914,16.290162458659914,16.281028618359827,16.232680867418058,16.316227050899464,16.316227050899464,16.23522258849739,16.246917612700074,16.246917612700074,16.296740516651095,16.296740516651095,16.279292579380517,16.259490431936698,16.259490431936698,16.248464051596475,16.275607872829198,16.277400627841416,16.277400627841416,16.302114478122075,16.302114478122075,16.249918688576187,16.270799514380183,16.292214085881103,16.266249241543733,16.305582550071765,16.305582550071765,16.26196494033673,16.28843870543237,16.28843870543237,16.327359298314363,16.32177339731363,16.32177339731363,16.237615619522536,16.235046041641972,16.23869573202432,16.23869573202432,16.270838938723717,16.22765171491432,16.22765171491432,16.29763250536668,16.2688288535012,16.2688288535012,16.261072632133825,16.290488856243897,16.26165886287982,16.26165886287982,16.272115693676778,16.272115693676778,16.287676799436458,16.217178266403124,16.217178266403124,16.294486487204566,16.271179547120262,16.271179547120262,16.26285408041785,16.249892950184808,16.30919705216424,16.235714088148853,16.235187237142984,16.235187237142984,16.241433718605563,16.242942240765707,16.242942240765707,16.24624626733929,16.24624626733929,16.29360693813739,16.280567954245573,16.261339010251575,16.261339010251575,16.259138078843097,16.278069834537465,16.274727698037484,16.25906643006859,16.25906643006859,16.278332276148603,16.2777416041283,16.27741491741032,16.27741491741032,16.258049312448883,16.258049312448883,16.275997991006417,16.216363938519233,16.216363938519233,16.23973591496728,16.226010250417154,16.24490260472397,16.24490260472397,16.251314277840475,16.24585685118515,16.2645832842847,16.267747265385136,16.267747265385136,16.27579646851315,16.281496846941845,16.281496846941845,16.261623549926934,16.275529950961914,16.275529950961914,16.21867361583617,16.27770315718933,16.27770315718933,16.2608028170703,16.2608028170703,16.273439414387862,16.273439414387862,16.253926366642663,16.253926366642663,16.278833757412837,16.284312356129817,16.251393012879756,16.24077655151308,16.25428990486522,16.25428990486522,16.25975122658459,16.25975122658459,16.279937103571307,16.26803916619825,16.23419355338597
16.293990822105236,16.27666560679521,16.239671961445723,16.25049990853489,16.25049990853489,16.244975997883003,16.252102222918893,16.252102222918893,16.207430439942566,16.276572014583685,16.276572014583685,16.236487764459465,16.308396223398443,16.248447241412517,16.248447241412517,16.23595051419358,16.27804817722021,16.27804817722021,16.266872940805097,16.29188185079559,16.29188185079559,16.28350504127739,16.281437783760527,16.281437783760527,16.252984129350175,16.287070893580196,16.26654519838634,16.26654519838634,16.255325274527287,16.239713282294773,16.25623152571447,16.27532079292652,16.27532079292652,16.253382777196382,16.2933373541205,16.2933373541205,16.33416475216072,16.33416475216072,16.26074561287468,16.268363110790403,16.268363110790403,16.299497322266802,16.25124119727583,16.25124119727583,16.276945119921148,16.286297264659876,16.239012462100927,16.239012462100927,16.269480425995553,16.30457201979483,16.30457201979483,16.287320450739664,16.287320450739664,16.224362618626767,16.292294575624805,16.292294575624805,16.239268166661965,16.286695282630777,16.28889486040546,16.28889486040546,16.215180829777964,16.215180829777964,16.294119896428157,16.264141749889514,16.223694997014892,16.25883831986075,16.21939951259806,16.21939951259806,16.226701923817203,16.309613123822764,16.309613123822764,16.31467707440737,16.228806205298202,16.228806205298202,16.287957396910883,16.239269088039784,16.29711812857716,16.29711812857716,16.262691379894804,16.269297265110712,16.269297265110712,16.27433473874151,16.332704253532263,16.332704253532263,16.282008015467035,16.280716705178293,16.272681086164916,16.272681086164916,16.24956846923911,16.24956846923911,16.266162065349448,16.28453925629356,16.28453925629356,16.267674870509527,16.247352940525438,16.247352940525438,16.237281765043782,16.246408609650903,16.231107484299272,16.269654081266395,16.277332678938382,16.277332678938382,16.274217073182015,16.28508687337687,16.28508687337687,16.29036012511436,16.29036012511436,16.272531393829347,16.269289539150186,16.256759321534496,16.256759321534496,16.30221087453974,16.28598855638677,16.262780410209757,16.277352073426773,16.277352073426773,16.25759745767322,16.233223226139472,16.264879280256913,16.264879280256913,16.227773520965606,16.227773520965606,16.22642544660583,16.250989031651,16.250989031651,16.254100816227886,16.268987669332322,16.309869814408597,16.309869814408597,16.322290611436117,16.277338142232225,16.288531844591756,16.289868299178703,16.289868299178703,16.260978493138804,16.344482639941294,16.344482639941294,16.305570264095664,16.26729394646199,16.26729394646199,16.21570603119133,16.301980649967366,16.301980649967366,16.268519784420164,16.268519784420164,16.296125058321433,16.296125058321433,16.257931035062498,16.257931035062498,16.274085540476676,16.281424911626885,16.296977754884708,16.296073137462468,16.276398052170027,16.276398052170027,16.284394954149878,16.284394954149878,16.271748841070874,16.267662593809934,16.324800895556507
16.17812128133293,16.203899538846542,16.252138897438577,16.14818509672527,16.14818509672527,16.17813815132707,16.215735737587384,16.215735737587384,16.156890040142482,16.20615024682823,16.20615024682823,16.22224967172529,16.18459248475311,16.213544525548947,16.213544525548947,16.198389131000233,16.1619320067815,16.1619320067815,16.184657099051858,16.162940159743545,16.162940159743545,16.196912068772455,16.23089310676275,16.23089310676275,16.199846020783685,16.211149505642048,16.207141822188646,16.207141822188646,16.220978628272384,16.170023352150725,16.19183630203708,16.133273946656107,16.133273946656107,16.186661036276313,16.210761615090853,16.210761615090853,16.181418987193982,16.181418987193982,16.19378610387813,16.254970000415973,16.254970000415973,16.22222480777068,16.170471428455343,16.170471428455343,16.198196051933845,16.210822889292054,16.145200228469964,16.145200228469964,16.15537506424285,16.142338293260547,16.142338293260547,16.195127661983793,16.195127661983793,16.21659714935992,16.17067040586213,16.17067040586213,16.194542719296464,16.186984823366778,16.202751263605183,16.202751263605183,16.20525302879606,16.20525302879606,16.18750903894225,16.25481937753253,16.20537553599409,16.147580696040087,16.2463692509926,16.2463692509926,16.19884938846532,16.157918081522418,16.157918081522418,16.206219320575492,16.16105225426732,16.16105225426732,16.212407704947832,16.258330629424147,16.237379797547938,16.237379797547938,16.186108979427075,16.17964134597577,16.17964134597577,16.173556396007857,16.157652610300183,16.157652610300183,16.14940516975727,16.17345986272489,16.250057448402423,16.250057448402423,16.220592284125537,16.220592284125537,16.21054883240937,16.202757836637073,16.202757836637073,16.179994735840197,16.207055555360217,16.207055555360217,16.206807561654887,16.191289823891964,16.127666384488744,16.223374425559104,16.19473345594255,16.19473345594255,16.23872075718318,16.213205819802646,16.213205819802646,16.200902942690146,16.200902942690146,16.22033123171334,16.196527399445554,16.18679348793824,16.18679348793824,16.208909415597393,16.258773807144,16.217414405799,16.249098055956427,16.249098055956427,16.22403188343672,16.192616671909278,16.259662341386605,16.259662341386605,16.22655229882985,16.22655229882985,16.194557173537614,16.16311576220499,16.16311576220499,16.24293210070071,16.151432884574838,16.182310936241546,16.182310936241546,16.183484432912326,16.223325343701124,16.210189812203023,16.16784487362285,16.16784487362285,16.11789322197422,16.175017489400048,16.175017489400048,16.177134526763137,16.16647659793572,16.16647659793572,16.214743729757956,16.17615893474831,16.17615893474831,16.136660521291965,16.136660521291965,16.21633434898103,16.21633434898103,16.208419812538295,16.208419812538295,16.179756764838437,16.221762328905662,16.156028524286384,16.158333849587283,16.211952864999766,16.211952864999766,16.1986113188398,16.1986113188398,16.15833716632505,16.206987644364332,16.18864110928137
16.16984696009306,16.24130913382652,16.1334538567565,16.178015046791923,16.178015046791923,16.154170735679717,16.0795918088359,16.0795918088359,16.18376422125371,16.114961403866655,16.114961403866655,16.16951352097341,16.12396600869999,16.1584521585285,16.1584521585285,16.184596239264685,16.14589912620934,16.14589912620934,16.150871335879167,16.10603576989358,16.10603576989358,16.12060499278828,16.080483523935236,16.080483523935236,16.171494284930482,16.145521426712794,16.152429972093692,16.152429972093692,16.16998575126531,16.165496848109417,16.180281858865637,16.119405855639613,16.119405855639613,16.148714082056173,16.124743023080686,16.124743023080686,16.059992038203113,16.059992038203113,16.11049067755072,16.148906821745665,16.148906821745665,16.089310088793397,16.15852110847617,16.15852110847617,16.082835853535986,16.137558648817148,16.14342875046124,16.14342875046124,16.179295613249852,16.115862703194928,16.115862703194928,16.13139628465691,16.13139628465691,16.17570418063971,16.142138029407647,16.142138029407647,16.136180332468374,16.139945338709193,16.169996042456685,16.169996042456685,16.13973030081589,16.13973030081589,16.128742336981894,16.09239315798896,16.19598522041837,16.14571299977763,16.14927517993147,16.14927517993147,16.137413140859227,16.16657534852289,16.16657534852289,16.15801408580009,16.206406296846726,16.206406296846726,16.140247233652097,16.167061820495483,16.178797319231816,16.178797319231816,16.048717456466274,16.122487605008825,16.122487605008825,16.14386375382733,16.19082218256279,16.19082218256279,16.14096913295235,16.17035550729399,16.180928907600705,16.180928907600705,16.098400697309245,16.098400697309245,16.186428702042022,16.103586575677507,16.103586575677507,16.17968401499108,16.10017588101882,16.10017588101882,16.141890575488105,16.09036853596919,16.13731720019898,16.168109645104465,16.13304490612848,16.13304490612848,16.152079172471396,16.186653676202667,16.186653676202667,16.13172347533024,16.13172347533024,16.09866799285688,16.188739105906972,16.179626658009713,16.179626658009713,16.13198327118595,16.13928758897677,16.163992706378256,16.16074093084354,16.16074093084354,16.176436861932803,16.17276445194159,16.07262264555429,16.07262264555429,16.182977329765883,16.182977329765883,16.123234793680016,16.09269789945458,16.09269789945458,16.152101671280338,16.131250498014698,16.12111555035535,16.12111555035535,16.143322367928143,16.156057624708723,16.19707539410356,16.16694374595321,16.16694374595321,16.145932650960646,16.16629664943214,16.16629664943214,16.193405579851955,16.20405662766299,16.20405662766299,16.123112836451213,16.132709493452705,16.132709493452705,16.187748879228863,16.187748879228863,16.142414988644735,16.142414988644735,16.087431274262297,16.087431274262297,16.19940873242551,16.167455042462834,16.224537611521313,16.122599989189133,16.15235000053321,16.15235000053321,16.112918771204075,16.112918771204075,16.16554700199419,16.180006570382037,16.174355554158502
16.23419355338597,16.264744711466747,16.249596552696705,16.30563173932147,16.307609607849937,16.307609607849937,16.256468100010537,16.24160313339959,16.24160313339959,16.23703859230636,16.221712417017912,16.221712417017912,16.252568662960236,16.28285591655665,16.28285591655665,16.255380258439274,16.19392773195699,16.290422244302306,16.29991176089818,16.21666669582752,16.21666669582752,16.28049458734006,16.242752983849016,16.242752983849016,16.259692669081854,16.247178141760532,16.247178141760532,16.2622395878017,16.27282117061418,16.24197482952447,16.24197482952447,16.311187630471203,16.280589718370354,16.280589718370354,16.255113041942074,16.217170363300593,16.217170363300593,16.314209112384688,16.188598068389712,16.188598068389712,16.249168059252508,16.240889759643018,16.240889759643018,16.23289467545072,16.26632161801701,16.271594354166183,16.252860896200573,16.26759244220721,16.247758339871766,16.252947861055397,16.188281467470176,16.215950049560206,16.269643753980485,16.267550880587503,16.267550880587503,16.287909304800984,16.287909304800984,16.270422313162914,16.314288617613556,16.314288617613556,16.287949505416112,16.185871871658357,16.185871871658357,16.270539552928916,16.231197515536174,16.21248861094484,16.21248861094484,16.220708942484674,16.257081972726017,16.257081972726017,16.277588743142196,16.238018281585124,16.238018281585124,16.231191618481088,16.281296360238375,16.223741735834164,16.256265895529346,16.286402465121228,16.286402465121228,16.292095047045773,16.292095047045773,16.25984454130738,16.265397396370606,16.22061397719568,16.260317089196782,16.260317089196782,16.23538996650561,16.26949732014406,16.23211454259929,16.23211454259929,16.2706005668622,16.235492335223068,16.235492335223068,16.267633249282277,16.247724301862757,16.273561192920955,16.270400929623634,16.285138735355776,16.285138735355776,16.239938396009272,16.26329774070513,16.244086968747613,16.217499475102393,16.217499475102393,16.26721402267639,16.24508258623566,16.24508258623566,16.247777590880872,16.270354904161447,16.234174504801025,16.234174504801025,16.249075742690454,16.249139185022848,16.249139185022848,16.28033646106121,16.300119058410225,16.300119058410225,16.283858027744465,16.24302238417218,16.24302238417218,16.231520019012496,16.231520019012496,16.22153940634739,16.24724854843686,16.2741866808501,16.2741866808501,16.228055569804784,16.228055569804784,16.23449481966947,16.283886540698468,16.30331219127369,16.30331219127369,16.2794602823961,16.279200005582492,16.279200005582492,16.238659726344537,16.277483785967796,16.277483785967796,16.269508406407883,16.285622193591493,16.285622193591493,16.284611986122147,16.265222195163144,16.265222195163144,16.23258766669011,16.278979093532474,16.278979093532474,16.232614277159062,16.252695077070804,16.24771238702347,16.257482411551656,16.257482411551656,16.2591894096954,16.271424180916338,16.261268457722128,16.261268457722128,16.261845890826574,16.261845890826574,16.28724350623337,16.23785877105504
16.324800895556507,16.290546040247506,16.268177173577953,16.291147160949077,16.317005078534336,16.317005078534336,16.262923149202027,16.268832452167587,16.268832452167587,16.22907870797112,16.283508594788405,16.283508594788405,16.276727400787166,16.274027553060964,16.274027553060964,16.300319423734795,16.305306432932337,16.289655477955645,16.296214559538612,16.235010217547085,16.235010217547085,16.272575547941578,16.27707814710273,16.27707814710273,16.27460077049066,16.285350886577405,16.285350886577405,16.26990612056055,16.255627424276256,16.270079890903663,16.270079890903663,16.305660022276747,16.281847484434138,16.281847484434138,16.309888494796795,16.256491949876796,16.256491949876796,16.249598492166427,16.275430897811432,16.275430897811432,16.3050960134478,16.30785261736473,16.30785261736473,16.246236647133962,16.247022207288126,16.2562768392614,16.255123783195163,16.271227301657714,16.281309357411345,16.28091194755666,16.256311595801627,16.258470962308593,16.30287148853693,16.25689607247654,16.25689607247654,16.22600734970602,16.22600734970602,16.33288789113076,16.245008158442257,16.245008158442257,16.28770978407404,16.280404553358455,16.280404553358455,16.289537356229985,16.316738317323217,16.300845308816584,16.300845308816584,16.291617664132247,16.299665147803363,16.299665147803363,16.25445403723377,16.291213670977513,16.291213670977513,16.32725776941077,16.30986846107021,16.25037495697317,16.236494317084844,16.27660543620608,16.27660543620608,16.257031762771163,16.257031762771163,16.283616717347858,16.288006854337414,16.254626981974408,16.245009223071804,16.245009223071804,16.181474063049933,16.267166081269593,16.23643188043341,16.23643188043341,16.31175610363965,16.281107975192185,16.281107975192185,16.271131493358983,16.295156510117096,16.314649007770743,16.23273829765116,16.304453030902234,16.304453030902234,16.290219051664668,16.234374393425465,16.285728889952185,16.284942825172898,16.284942825172898,16.259987024235624,16.26405290175854,16.26405290175854,16.245377152085688,16.261725149893145,16.213198515253595,16.213198515253595,16.276566699992113,16.22441893527112,16.22441893527112,16.314900900136276,16.285248703592174,16.285248703592174,16.28992260018808,16.261529963961706,16.261529963961706,16.265829165064332,16.265829165064332,16.28143243466502,16.292599110643348,16.266605358091333,16.266605358091333,16.259434706442207,16.259434706442207,16.254868573653415,16.231489798846553,16.293770143225544,16.293770143225544,16.31706738664152,16.242918637748183,16.242918637748183,16.26350373530503,16.28312163853295,16.28312163853295,16.264360551936804,16.303514395109865,16.303514395109865,16.269303974347974,16.289782575786088,16.289782575786088,16.2584545550244,16.301054114960163,16.301054114960163,16.295366600959994,16.26955336817642,16.2656323033578,16.236460614846667,16.236460614846667,16.2488693893687,16.293171328127407,16.23591383969436,16.23591383969436,16.22918592647604,16.22918592647604,16.281448633454076,16.28300502708911
16.18864110928137,16.247648254653765,16.17866516407148,16.21391959524153,16.194165221210437,16.194165221210437,16.183129657862672,16.184929833731893,16.184929833731893,16.097145800938605,16.23557522783348,16.23557522783348,16.18030481195141,16.15468925443965,16.15468925443965,16.192045645541224,16.25630364418606,16.20559607713463,16.197546379701787,16.21485535963928,16.21485535963928,16.202652054193976,16.191343629524773,16.191343629524773,16.241978074339254,16.184544635826647,16.184544635826647,16.202304330458258,16.191564125007364,16.20210867472165,16.20210867472165,16.21490082278681,16.189481012523533,16.189481012523533,16.157702727533426,16.197017640674158,16.197017640674158,16.21873533892302,16.21336109434782,16.21336109434782,16.212581284250575,16.191743956734538,16.191743956734538,16.169745974379342,16.16531088183438,16.156369886053056,16.21956182189229,16.12306799292667,16.189171983928613,16.19746677212029,16.191228853496867,16.206663911688494,16.205928044982475,16.19016833853297,16.19016833853297,16.187490267302042,16.187490267302042,16.17067831443787,16.22529299164174,16.22529299164174,16.201948475536593,16.212498331550236,16.212498331550236,16.237789435973788,16.21533629531583,16.201881736336226,16.201881736336226,16.18702792674349,16.188340854796238,16.188340854796238,16.26099026700028,16.226674115537826,16.226674115537826,16.189414054745725,16.20078301992393,16.200073198547614,16.20045866492575,16.225581536747935,16.225581536747935,16.190742318726084,16.190742318726084,16.193923344674655,16.17101391927985,16.199633262918198,16.223349429813318,16.223349429813318,16.185398338904502,16.199059895986526,16.22930954888534,16.22930954888534,16.184801369800937,16.202841922894514,16.202841922894514,16.208828264350164,16.238345795513943,16.160287353782945,16.136128273384635,16.247321417483807,16.247321417483807,16.203610107695123,16.157661352702693,16.207322203982265,16.212400752175377,16.212400752175377,16.210759258231523,16.1761918101204,16.1761918101204,16.202460783465177,16.225666540906897,16.18042945193387,16.18042945193387,16.147829990392687,16.238503235425863,16.238503235425863,16.19183070929479,16.198884899888572,16.198884899888572,16.190416037980196,16.23079000017385,16.23079000017385,16.222929275666296,16.222929275666296,16.241025733609828,16.200574454797277,16.21146582283673,16.21146582283673,16.2516086618276,16.2516086618276,16.163139388880175,16.213935771432915,16.21983894978246,16.21983894978246,16.219191367567568,16.173324948846922,16.173324948846922,16.19849635559735,16.251119463895797,16.251119463895797,16.20310523806414,16.1775717237657,16.1775717237657,16.170028756300272,16.20267296333491,16.20267296333491,16.193960922596567,16.126248779580237,16.126248779580237,16.17458994173356,16.203703652933076,16.177788337320745,16.21953929539289,16.21953929539289,16.195223623337608,16.25251364641925,16.19921047357797,16.19921047357797,16.23526056528174,16.23526056528174,16.172699611279363,16.237633428759825
16.174355554158502,16.098726879429446,16.186748803225843,16.200108615565345,16.13902112880324,16.13902112880324,16.17035914990368,16.176739346892077,16.176739346892077,16.11512068542202,16.174180204007797,16.174180204007797,16.181683137182024,16.173274989733347,16.173274989733347,16.13832716827879,16.205669806681225,16.161135633488474,16.168657070631795,16.174981129917626,16.174981129917626,16.129096627620324,16.165455454537852,16.165455454537852,16.150672846276972,16.190404170338198,16.190404170338198,16.157811461298273,16.18000667881668,16.143405067394983,16.143405067394983,16.11840523606116,16.202992311993345,16.202992311993345,16.171431716714203,16.13275235693318,16.13275235693318,16.13117573654794,16.133787656265845,16.133787656265845,16.126766630860423,16.261678007661523,16.261678007661523,16.16523062977885,16.13180077301711,16.167353799914178,16.144406794858416,16.13443524654806,16.094799433513657,16.15625029361833,16.13252654074791,16.16464290316388,16.1337495921078,16.17226752894793,16.17226752894793,16.18260060721108,16.18260060721108,16.186558878139515,16.141151923672872,16.141151923672872,16.15404137622171,16.07570920294129,16.07570920294129,16.152345907612414,16.120612733245842,16.117912689321695,16.117912689321695,16.103477461276718,16.141993945317722,16.141993945317722,16.122949232936012,16.109827753183964,16.109827753183964,16.14985420233131,16.14630696044238,16.174147219493992,16.157991535536752,16.15576633757501,16.15576633757501,16.159236873951226,16.159236873951226,16.08010496785391,16.18679875834285,16.19451027027435,16.148922588469407,16.148922588469407,16.1762898906633,16.1987341830475,16.097636754617877,16.097636754617877,16.117006109457577,16.14115080543893,16.14115080543893,16.192771009675916,16.174562914568657,16.12493065162128,16.1501107679751,16.13712587639883,16.13712587639883,16.142663360895476,16.198867825186216,16.135035798652765,16.168133637804697,16.168133637804697,16.087443473280597,16.14363095757527,16.14363095757527,16.113666455039034,16.129168071140718,16.11220898100819,16.11220898100819,16.062043872705022,16.150547293580125,16.150547293580125,16.14698499425038,16.146856251998173,16.146856251998173,16.215724493998792,16.114085752692183,16.114085752692183,16.13795302257496,16.13795302257496,16.17377061302696,16.18589507536244,16.1174915348113,16.1174915348113,16.19763789995982,16.19763789995982,16.119578960285665,16.126034184177847,16.09143177619859,16.09143177619859,16.169589327182056,16.15288212207887,16.15288212207887,16.18616116406156,16.105332136181033,16.105332136181033,16.191879872047494,16.1031546267343,16.1031546267343,16.17773764482507,16.16236891905062,16.16236891905062,16.195010285226093,16.13464747052581,16.13464747052581,16.17590068063535,16.12008883535138,16.129078249352517,16.16560316510308,16.16560316510308,16.11358799215961,16.106455940248697,16.14490241424978,16.14490241424978,16.164307665692466,16.164307665692466,16.12469810046879,16.139996012337573
16.28200294699975,16.232135764570433,16.291715017691864,16.234770934546262,16.270467065618234,16.270467065618234,16.294153631906344,16.243984276720514,16.244532880816397,16.244532880816397,16.267940879786906,16.28039532212917,16.279693690421617,16.22650151126137,16.291258491960086,16.254089334966817,16.295727612824706,16.26854655052277,16.22295432335118,16.3176972174806,16.3176972174806,16.195082858278496,16.242378670601262,16.242378670601262,16.210116848123242,16.22960693422293,16.297920505131806,16.297920505131806,16.272413604721013,16.239321402604773,16.25124912121209,16.25124912121209,16.254915096062682,16.293967891105797,16.293967891105797,16.28672133644576,16.28160516080748,16.23533629217391,16.23533629217391,16.242894494064398,16.25117853457094,16.25117853457094,16.227921975093636,16.235820649980543,16.235820649980543,16.321151217608147,16.270476591716903,16.270476591716903,16.256171953227028,16.2347385139879,16.2347385139879,16.204469305269118,16.217482014220003,16.31082847842602,16.31082847842602,16.27901133538977,16.253478712349626,16.24873932463711,16.21633166022264,16.241767677312144,16.28268205973403,16.283323370519753,16.283323370519753,16.265369553954386,16.25532292888359,16.303563079478224,16.303563079478224,16.244525450469837,16.238724835008153,16.238724835008153,16.234516734292907,16.275555285287272,16.275555285287272,16.246279337616606,16.246522633795838,16.26829344765125,16.26829344765125,16.232877336232352,16.262129103292164,16.256980333011352,16.31503307468115,16.31503307468115,16.225924943120347,16.258696263245923,16.276052150772827,16.30374895929932,16.223942225333438,16.264584711070015,16.197895725535936,16.197895725535936,16.265742019245653,16.28700413890148,16.275501767649455,16.275501767649455,16.257213019581048,16.30684108713117,16.30684108713117,16.2780863465346,16.305668581782584,16.305668581782584,16.265653750700373,16.263691466312395,16.2379573795419,16.262393293663514,16.27507440691903,16.27507440691903,16.24512061897252,16.24512061897252,16.248713759583065,16.244653355638736,16.244653355638736,16.263270424857286,16.29998023482319,16.27218610877413,16.227602463800004,16.227602463800004,16.258052432842586,16.24501583157953,16.24501583157953,16.243281339444557,16.230990378909517,16.230990378909517,16.276765448585206,16.20492174153362,16.20492174153362,16.24133689080572,16.2475915663683,16.2475915663683,16.257002363911564,16.234347795018607,16.234347795018607,16.289305317154312,16.245639614316914,16.245639614316914,16.280781563908917,16.237789015676587,16.24722226305486,16.18128634271064,16.18128634271064,16.28753951066183,16.21193942269924,16.21193942269924,16.251042421904195,16.29078452663552,16.22359484807275,16.26000213912836,16.273436321545912,16.236199693139245,16.27250109533965,16.237027057823518,16.29709602995402,16.29709602995402,16.28353654839508,16.23050958898141,16.273513188306254,16.225692154147552,16.25344491673205,16.228913666045784,16.24338597538192,16.24338597538192
16.26477682194434,16.308791911672046,16.221907365076518,16.259427593222203,16.272706064053917,16.272706064053917,16.260681806619647,16.299864924484496,16.277292129763545,16.277292129763545,16.287714477532376,16.286402204406052,16.296028631152165,16.239383784922957,16.255426219464027,16.2460785919447,16.309367663859852,16.282565910618157,16.259161293932106,16.24414770911263,16.24414770911263,16.229041961140947,16.263816426975104,16.263816426975104,16.285111275676936,16.24462262010717,16.279801018056745,16.279801018056745,16.270966608394012,16.32028246510396,16.256810098319256,16.256810098319256,16.274843563961774,16.294539595254577,16.294539595254577,16.28518703487656,16.31812200919144,16.262871403389873,16.262871403389873,16.295413484364584,16.25176860012808,16.25176860012808,16.24519995028311,16.29748162954852,16.29748162954852,16.260767201662777,16.235558757978318,16.235558757978318,16.228943922022346,16.26601687088644,16.26601687088644,16.31419145679917,16.272595134820712,16.288297374382164,16.288297374382164,16.224784433655252,16.278525249161817,16.26657003929556,16.282041372703087,16.2965072189545,16.268820564882887,16.25657246551925,16.25657246551925,16.302144208650773,16.249597343830896,16.26594898765559,16.26594898765559,16.238018305974514,16.267902175297774,16.267902175297774,16.2572155227268,16.22023380588076,16.22023380588076,16.283040008971497,16.281800109920134,16.277025847865502,16.277025847865502,16.220558459151547,16.301926245118345,16.233753260838213,16.277065543676173,16.277065543676173,16.30345227619164,16.30659682123958,16.304862675572444,16.307578289908808,16.26737630431854,16.3056297115962,16.253454913075966,16.253454913075966,16.265200716371798,16.29694892876873,16.286346074497544,16.286346074497544,16.256620966017373,16.30678159753868,16.30678159753868,16.24898688897883,16.276061946467244,16.276061946467244,16.26482163943957,16.242283434257143,16.270562592812382,16.27647183501903,16.273922885252762,16.273922885252762,16.230356948250872,16.230356948250872,16.255195627030755,16.223904195845048,16.223904195845048,16.297021695756275,16.230171699440497,16.261442232861985,16.26555058484753,16.26555058484753,16.313990196588037,16.26471946209542,16.26471946209542,16.212729588087658,16.295570828242912,16.295570828242912,16.293804167066,16.199097670927106,16.199097670927106,16.245015475028797,16.279277900538666,16.279277900538666,16.254243774819358,16.2498649041899,16.2498649041899,16.27706749754276,16.253612264966048,16.253612264966048,16.26160626740913,16.245754307215904,16.251412788397573,16.28604126553872,16.28604126553872,16.248601227054106,16.25932536841067,16.25932536841067,16.214374993368505,16.24799120458733,16.285331862971184,16.263430155979428,16.283295618773654,16.23975719657757,16.22486377727039,16.218320701380776,16.309351403601216,16.309351403601216,16.24437473462999,16.312638460101503,16.246794804316885,16.24342285587693,16.28139950013555,16.29443239925749,16.23885788627188,16.23885788627188
16.203956691591458,16.14958351626813,16.16088599309345,16.200456577367035,16.20470736114005,16.20470736114005,16.185863073813934,16.181752489210872,16.19352446059992,16.19352446059992,16.213658335584203,16.211020945871386,16.19777486300692,16.186513389457453,16.22165272104224,16.237138628497934,16.24964693439897,16.258724098480435,16.208964170881824,16.19809624370203,16.19809624370203,16.14395947361934,16.234017590612037,16.234017590612037,16.17873659071387,16.20559614706895,16.205064089179515,16.205064089179515,16.24877319238082,16.177308400343744,16.218178632437347,16.218178632437347,16.233801106000932,16.16132695587234,16.16132695587234,16.22504161525771,16.186167785534934,16.20846239599351,16.20846239599351,16.23558276713485,16.167832778277887,16.167832778277887,16.16526593241965,16.212716477742962,16.212716477742962,16.201059488078865,16.19823889377791,16.19823889377791,16.180056668237548,16.227079575255555,16.227079575255555,16.20550403802566,16.183316397536743,16.21987289526324,16.21987289526324,16.167782284960733,16.169716097902544,16.195181865192815,16.192560371672784,16.214716576203585,16.189861573756914,16.200835730888894,16.200835730888894,16.224571191789938,16.188720421340577,16.215665464664944,16.215665464664944,16.221214957101427,16.167918828053097,16.167918828053097,16.18422795937837,16.22123478183208,16.22123478183208,16.193729261396708,16.206644680493792,16.200862903684474,16.200862903684474,16.138733613662254,16.161428084153606,16.235116495666986,16.164785482670233,16.164785482670233,16.150359013647005,16.15187206573474,16.21112659976848,16.154116958681847,16.151663136520654,16.170786351482818,16.176358068070037,16.176358068070037,16.229231527429185,16.208655492299286,16.203700839990354,16.203700839990354,16.20614625665485,16.216282438123855,16.216282438123855,16.208101395728242,16.21784415824439,16.21784415824439,16.199607569457836,16.229293071239574,16.199506752246123,16.229202378799155,16.2290977669974,16.2290977669974,16.165955938792,16.165955938792,16.19433871360783,16.23773074243243,16.23773074243243,16.21408165102975,16.185285464024407,16.204537060780225,16.198604097415835,16.198604097415835,16.232389145020576,16.160865518835365,16.160865518835365,16.202091384366682,16.254060937281896,16.254060937281896,16.20024891089721,16.189882631480597,16.189882631480597,16.216364970874043,16.24010972172044,16.24010972172044,16.224648796993936,16.22836683911587,16.22836683911587,16.16436752638329,16.20719866193046,16.20719866193046,16.200410931477904,16.17448310086749,16.21051779925227,16.186631600008997,16.186631600008997,16.201241040919975,16.200840539016177,16.200840539016177,16.20086827483727,16.159732797607187,16.166827269006852,16.219513618751208,16.20366595173617,16.16965770836855,16.22353844078179,16.21721591208962,16.203028006262464,16.203028006262464,16.2280672807973,16.25322009397903,16.21125242496123,16.150075534080823,16.20728884638823,16.213687300345406,16.197946220765417,16.197946220765417
16.176463836844476,16.194417675800317,16.103051912026288,16.14568422315142,16.146964329939394,16.146964329939394,16.146243462275805,16.138078264310888,16.122557316646716,16.122557316646716,16.142072397665082,16.14882879211258,16.133661657581293,16.166944688050265,16.099783532235328,16.12877843901949,16.184385358004793,16.22944497855211,16.156163742407408,16.205213113007826,16.205213113007826,16.121639809710047,16.2121154647439,16.2121154647439,16.14417366062024,16.095069777417354,16.189575207212417,16.189575207212417,16.10673092074625,16.120968724724953,16.12848751798095,16.12848751798095,16.110367801095784,16.15574105905871,16.15574105905871,16.13523653610375,16.15664703302001,16.156915056970412,16.156915056970412,16.160919392410047,16.125315577215336,16.125315577215336,16.151660459121594,16.056107108856022,16.056107108856022,16.128302225131815,16.137117579984444,16.137117579984444,16.122159997474164,16.12598287390925,16.12598287390925,16.153701696781614,16.094094563148808,16.12601458642365,16.12601458642365,16.11882726199815,16.151166872060507,16.160946879496475,16.125936990336406,16.139768854788873,16.17691608937307,16.124696563382408,16.124696563382408,16.1205435364386,16.19192597786104,16.09647218553586,16.09647218553586,16.149760034100275,16.114920467274764,16.114920467274764,16.14662330945649,16.152924770691136,16.152924770691136,16.094604495982665,16.045366408475065,16.17162187670145,16.17162187670145,16.094902993548978,16.149611068501684,16.172474617787614,16.138079099319004,16.138079099319004,16.13741729806962,16.155014846540578,16.144581890391393,16.13551597141704,16.154012934802925,16.091178164358844,16.189076145183364,16.189076145183364,16.17903617019811,16.165240533526667,16.066204514427266,16.066204514427266,16.168433283919917,16.149827025952057,16.149827025952057,16.188579386951016,16.132440403956604,16.132440403956604,16.13247038406524,16.10787992003973,16.1558809463778,16.155289451738703,16.17614180262501,16.17614180262501,16.13063874744619,16.13063874744619,16.19983950281547,16.157518727069682,16.11958674767292,16.206397290928333,16.14866185923514,16.186794775410984,16.109748280733925,16.109748280733925,16.19485832046644,16.15055805273954,16.15055805273954,16.143193635237456,16.170487391074463,16.170487391074463,16.16313180606673,16.103075314934166,16.103075314934166,16.16386616565901,16.154613618087478,16.154613618087478,16.172037912011973,16.14893209248343,16.14893209248343,16.114953077695425,16.18744630680379,16.18744630680379,16.10216062309612,16.208800462215244,16.149171984565637,16.145019003863926,16.145019003863926,16.17776726619691,16.14383230406062,16.14383230406062,16.17172305011319,16.10389492179557,16.14197425572258,16.161685892042783,16.192679747773504,16.172081068858716,16.145075340235323,16.189390744764648,16.101895829075524,16.101895829075524,16.137815964730827,16.178439751227916,16.180024428263334,16.131940286274336,16.123203625511458,16.190375016736315,16.127914639021782,16.127914639021782
16.200421422158914,16.2631715034807,16.244655706282224,16.26695167589878,16.259288688403274,16.213835916221488,16.213835916221488,16.269487254876168,16.274704497447445,16.274704497447445,16.22469807214191,16.24084598786344,16.29055597540211,16.2562557195671,16.255450450637515,16.234938979911316,16.225582533897615,16.225582533897615,16.21869229281567,16.265513128927914,16.265513128927914,16.271738011972367,16.271470690408,16.271470690408,16.302240835844582,16.286261243464413,16.286261243464413,16.18642015956221,16.244647762624044,16.258463135457934,16.258463135457934,16.260897584709756,16.233650029384844,16.233650029384844,16.29204211097852,16.278830117913653,16.23033851683094,16.23033851683094,16.233053034849448,16.280912911854088,16.257421902455096,16.223983163376424,16.241413196144826,16.241413196144826,16.259980044202717,16.2428684140068,16.23141205865388,16.236221693374848,16.25136540784048,16.234724391749097,16.234724391749097,16.246673141118162,16.255217002626242,16.255217002626242,16.27819493525022,16.240632806305744,16.240632806305744,16.275687797577834,16.259785511802928,16.259785511802928,16.24683367652611,16.2111190561277,16.2111190561277,16.230830767349822,16.27492240967893,16.279181239131,16.279181239131,16.313738974905288,16.313738974905288,16.293724244715623,16.293724244715623,16.258407447456854,16.26547016838596,16.275048737620036,16.275048737620036,16.270718877485656,16.298328565207438,16.298328565207438,16.23597959492749,16.23597959492749,16.2722489462347,16.203631362626453,16.203631362626453,16.278181232513077,16.251787930043783,16.269343043688455,16.238047466723472,16.238047466723472,16.248424342159545,16.248424342159545,16.25317905003775,16.232303104251706,16.232303104251706,16.26699096863217,16.264632342968184,16.24204053615523,16.24204053615523,16.268926600064752,16.308787543952366,16.308787543952366,16.273815927618397,16.25673839973498,16.25673839973498,16.27478298695212,16.19787004639298,16.19787004639298,16.309564709331575,16.262137259579706,16.264016201580578,16.23412709988787,16.23412709988787,16.220152697918643,16.232781852063447,16.293547597432205,16.293547597432205,16.225482534492784,16.307643187156156,16.307643187156156,16.226000848763515,16.226000848763515,16.245555365111915,16.261644140705002,16.241768204522412,16.241768204522412,16.284176330955653,16.267504996587277,16.267504996587277,16.29498025292088,16.245702032414275,16.245702032414275,16.279783461827698,16.279783461827698,16.26382498152896,16.25083767357783,16.25083767357783,16.253671258086783,16.272024550015146,16.224972418365862,16.250824951716,16.250824951716,16.21070635071004,16.21070635071004,16.281283948353103,16.281283948353103,16.179194015239215,16.229437632849027,16.25023496569366,16.25023496569366,16.283986327814773,16.29398561483822,16.29398561483822,16.263377566563758,16.23733789786502,16.23733789786502,16.24081671915129,16.224804423363004,16.23086417228933,16.29743921708973,16.29743921708973,16.239378637798076
16.264023236588198,16.260076545484846,16.24457060303907,16.255285952463602,16.291129633481436,16.282663462467045,16.282663462467045,16.30296070600769,16.256733209048363,16.256733209048363,16.270907363762813,16.250952276268524,16.25316896445571,16.248527189061186,16.268496966463534,16.241960200311063,16.25414386200084,16.25414386200084,16.259615718333777,16.28555079553236,16.28555079553236,16.20105313205389,16.30762887781874,16.30762887781874,16.28229863037652,16.232444026009887,16.232444026009887,16.211313117010086,16.25087946229722,16.32253061449707,16.32253061449707,16.282176641320877,16.270188275075252,16.270188275075252,16.30090850485812,16.277220075999615,16.23199066270246,16.23199066270246,16.329835341202358,16.273996877596755,16.275463772200563,16.239763019683984,16.336633266174726,16.336633266174726,16.286331219650233,16.274315804901754,16.24807813115934,16.283809399962127,16.234803524382247,16.243457739708834,16.243457739708834,16.257425134653957,16.30120454819824,16.30120454819824,16.241147041294052,16.294441660945292,16.294441660945292,16.24276849150412,16.21855371426466,16.21855371426466,16.25203577821004,16.21621996065442,16.21621996065442,16.266281655697867,16.271937117567877,16.30381954660892,16.30381954660892,16.2781364869769,16.2781364869769,16.258418973067123,16.258418973067123,16.258780943887203,16.25043417399018,16.29910512656871,16.29910512656871,16.310324432713642,16.28922077942618,16.28922077942618,16.2604601692579,16.2604601692579,16.235978169390247,16.255069759550363,16.255069759550363,16.24229116008579,16.258082949397593,16.312828890714734,16.27516228668352,16.27516228668352,16.30405751616464,16.30405751616464,16.291068877442875,16.277428547640366,16.277428547640366,16.262139058306857,16.259556341757126,16.3079369959019,16.3079369959019,16.2770668452896,16.28885081914622,16.28885081914622,16.304640212577034,16.25160300679663,16.25160300679663,16.237884738335456,16.2844869501089,16.2844869501089,16.31628469355775,16.255881432793768,16.282142290146254,16.24839677219384,16.24839677219384,16.242334728206675,16.245984852851347,16.272686075319534,16.272686075319534,16.27593877184665,16.292252132628814,16.292252132628814,16.274987033690536,16.274987033690536,16.263023841404245,16.29990350941339,16.296006208510924,16.296006208510924,16.23757513392834,16.3323349951389,16.3323349951389,16.297941173629415,16.216821769367186,16.216821769367186,16.255756676358914,16.255756676358914,16.30217961840852,16.24147607829172,16.24147607829172,16.263011344233202,16.272897144993678,16.301847456343673,16.280154550690057,16.280154550690057,16.288135349648197,16.288135349648197,16.302797206113738,16.302797206113738,16.245418135767903,16.22682919317765,16.260948305657372,16.260948305657372,16.277815347193247,16.294528153561863,16.294528153561863,16.24020377459567,16.231726494771962,16.231726494771962,16.28875987236528,16.31963771067322,16.28618052155924,16.321636543239467,16.321636543239467,16.24199107447836
16.199621319566546,16.195988411690212,16.17819890439954,16.222909594219953,16.216307515800683,16.213982989530933,16.213982989530933,16.20059971243525,16.173998878869195,16.173998878869195,16.223634305973114,16.162386832323257,16.21835156781984,16.20169311539399,16.18448036907287,16.185018517477737,16.18573185337147,16.18573185337147,16.21502339195913,16.184694352996758,16.184694352996758,16.212716760115995,16.216564455490115,16.216564455490115,16.190732975655912,16.236163129112327,16.236163129112327,16.188592526979825,16.214239086764152,16.19171523685932,16.19171523685932,16.218976190686913,16.14456888391257,16.14456888391257,16.202770319708986,16.251188145137448,16.18305891708825,16.18305891708825,16.139107369654,16.21989035571984,16.18127404704563,16.19535955988374,16.157757036712557,16.157757036712557,16.2315349860695,16.221556097280413,16.231511931623977,16.1700559973275,16.20774124632853,16.225200229505923,16.225200229505923,16.17414182459838,16.23268155600797,16.23268155600797,16.19613236185429,16.232491465552794,16.232491465552794,16.1786450133536,16.194156581293846,16.194156581293846,16.226027497225537,16.19184479244131,16.19184479244131,16.21368398473551,16.263114732544647,16.247586689609353,16.247586689609353,16.148993601628593,16.148993601628593,16.204581999629468,16.204581999629468,16.14136592494083,16.186562385985162,16.19324520742021,16.19324520742021,16.153391140193495,16.158692258389152,16.158692258389152,16.219833136926724,16.219833136926724,16.11177442432699,16.25086111078092,16.25086111078092,16.194977718133263,16.211362139587553,16.177659300820682,16.209589471514313,16.209589471514313,16.184084436948144,16.184084436948144,16.190975875639104,16.19437248059844,16.19437248059844,16.153585947248764,16.24541019021647,16.123598091461236,16.123598091461236,16.179172952445487,16.128176936022818,16.128176936022818,16.227666482732644,16.238356252685623,16.238356252685623,16.23547450322508,16.195017311005284,16.195017311005284,16.189561448845527,16.183574078619817,16.222816971855384,16.169984723075714,16.169984723075714,16.15748017962966,16.20482252661462,16.17778244208773,16.17778244208773,16.209197513727844,16.21899747778794,16.21899747778794,16.161054478179143,16.161054478179143,16.18563201863924,16.212260209933383,16.180495000923244,16.180495000923244,16.21592305036628,16.23136045966731,16.23136045966731,16.21222596824599,16.175760636068336,16.175760636068336,16.136630077301334,16.136630077301334,16.20601794524357,16.193904784411263,16.193904784411263,16.165156356797464,16.21853693930821,16.156639390199587,16.193039131055205,16.193039131055205,16.242096195553604,16.242096195553604,16.20488591310886,16.20488591310886,16.18914572439672,16.189445791431822,16.239161907863824,16.239161907863824,16.23632110976199,16.211514597558512,16.211514597558512,16.236210934239473,16.225549733543538,16.225549733543538,16.203881382597118,16.206451528733076,16.19207792301735,16.176054274446606,16.176054274446606,16.179388588806184
16.172922490957113,16.13003598626799,16.133764077044216,16.17955333358797,16.134550195226417,16.11686803651257,16.11686803651257,16.18343774863385,16.094644475646092,16.094644475646092,16.08243316738885,16.189781074858605,16.10559803271131,16.131129268531733,16.168636067705663,16.12997678793831,16.12997678793831,16.115694030183366,16.100157440082043,16.168174841017308,16.168174841017308,16.141190334731693,16.214706466074713,16.214706466074713,16.16095713546327,16.151012625417593,16.151012625417593,16.199603374634673,16.134775637135906,16.182067925398343,16.182067925398343,16.13870323141216,16.10875314633939,16.10875314633939,16.15202543883042,16.132263625300304,16.172534863513576,16.172534863513576,16.115834174336424,16.18411710433121,16.15405227128017,16.18543731609668,16.12317217861667,16.12317217861667,16.150031909679456,16.171076315774286,16.14513170760803,16.17930147993253,16.185584656696847,16.185584656696847,16.15716138200637,16.152178959428227,16.164109377821838,16.164109377821838,16.18502252219351,16.05964956435941,16.05964956435941,16.17339183021411,16.1724383660745,16.1724383660745,16.174162427683882,16.16757415883538,16.16757415883538,16.15728990168347,16.134902232074573,16.162715389522276,16.162715389522276,16.15958638856278,16.15958638856278,16.18763774166759,16.18763774166759,16.067545066012116,16.15297929490741,16.147987544174335,16.147987544174335,16.131823204419547,16.11922999487264,16.11922999487264,16.100567108181426,16.100567108181426,16.194305260707264,16.191858872506366,16.191858872506366,16.126849951133707,16.143696418142866,16.128572062061522,16.087267176163703,16.087267176163703,16.161324540637388,16.161324540637388,16.14094749869295,16.171755471918686,16.171755471918686,16.10605304090436,16.16928749739892,16.159580046506715,16.159580046506715,16.146987958477517,16.077396636074177,16.077396636074177,16.167920721883906,16.161609324244832,16.161609324244832,16.09898929255215,16.155290070979717,16.155290070979717,16.153678154038374,16.151317796054418,16.221596067432007,16.219055994983968,16.219055994983968,16.167719123663282,16.115524041896244,16.17272524435702,16.17272524435702,16.10957029828052,16.13434663154772,16.13434663154772,16.167474996704676,16.167474996704676,16.085844775755746,16.139831184120943,16.106945655865623,16.106945655865623,16.15057034378671,16.15996360916257,16.15996360916257,16.119259494430505,16.19051284725646,16.19051284725646,16.08889800441442,16.08889800441442,15.974775676808484,16.133448593567653,16.133448593567653,16.15713758602264,16.128873981407484,16.145708003152187,16.19539803682131,16.19539803682131,16.175224980608963,16.175224980608963,16.12594256070166,16.12594256070166,16.15807684701694,16.11622673790963,16.16096916329445,16.16096916329445,16.12112457926851,16.139726745470615,16.139726745470615,16.097736854874615,16.162855597356916,16.162855597356916,16.145961955673332,16.138920527647116,16.210337292853733,16.171821986694642,16.171821986694642,16.11362016186922
